{"cameraMode":{"drawMode":0,"name":"Shaded","section":"Shading Mode"},"sceneLighting":false,"audioPlay":false,"sceneViewState":{"showFog":true,"showMaterialUpdate":false,"showSkybox":false,"showFlares":true,"showImageEffects":true,"showParticleSystems":true},"in2DMode":false,"pivot":{"x":0.021744923666119577,"y":-0.04979586601257324,"z":0.36056089401245119},"rotation":{"x":-0.087200827896595,"y":-0.0038855511229485275,"z":0.0003717001236509532,"w":-0.9962148666381836},"size":0.12017843872308731,"orthographic":false}