{"cameraMode":{"drawMode":0,"name":"Shaded","section":"Shading Mode"},"sceneLighting":false,"audioPlay":false,"sceneViewState":{"showFog":true,"showMaterialUpdate":false,"showSkybox":false,"showFlares":true,"showImageEffects":true,"showParticleSystems":true},"in2DMode":false,"pivot":{"x":0.019999999552965165,"y":0.7782412767410278,"z":-4.574038982391357},"rotation":{"x":0.06776025891304016,"y":-0.0029982784762978555,"z":0.00021435151575133204,"w":0.9977385997772217},"size":0.007083307020366192,"orthographic":false}